LOC,time
81,0.001391127
164,0.002274
330,0.002812399
661,0.007960248
1324,0.012955415
2649,0.039116116
5299,0.080006918
10599,0.171144307
21199,0.346753097
42399,0.688985597
